Price,Close,High,Low,Open,Volume
Ticker,ZC=F,ZC=F,ZC=F,ZC=F,ZC=F
Date,,,,,
2020-01-02,391.5,392.0,387.25,387.75,103987
2020-01-03,386.5,392.0,385.5,391.5,125931
2020-01-06,384.75,387.75,382.75,386.25,112130
2020-01-07,384.5,385.75,383.5,385.0,93541
2020-01-08,384.25,385.5,382.25,384.0,135523
2020-01-09,383.25,387.0,382.25,383.75,130937
2020-01-10,385.75,386.75,376.5,383.25,226659
2020-01-13,389.5,389.5,385.5,386.5,139994
2020-01-14,389.0,390.5,388.25,389.25,115957
2020-01-15,387.5,390.25,386.5,388.75,141478
2020-01-16,375.5,387.75,375.25,387.25,230557
2020-01-17,389.25,389.5,376.75,377.0,293121
2020-01-21,387.5,389.25,384.25,389.0,182958
2020-01-22,388.75,391.0,386.75,387.5,155603
2020-01-23,393.75,394.0,387.5,388.5,256298
2020-01-24,387.25,393.25,386.5,393.25,196121
2020-01-27,380.5,384.75,377.25,384.25,264471
2020-01-28,386.5,387.0,378.5,382.5,243266
2020-01-29,384.25,388.25,382.75,385.5,136811
2020-01-30,379.5,385.0,378.5,384.5,160206
2020-01-31,381.25,382.75,378.75,381.5,151805
2020-02-03,378.75,382.0,376.5,380.5,216443
2020-02-04,382.25,383.5,378.25,378.25,176002
2020-02-05,380.75,383.25,379.5,381.5,122103
2020-02-06,379.25,381.75,376.0,380.25,191891
2020-02-07,383.5,385.0,380.0,380.25,256721
2020-02-10,381.75,383.5,379.0,383.25,219017
2020-02-11,379.75,382.0,378.0,381.0,200407
2020-02-12,383.0,383.75,378.25,379.75,241461
2020-02-13,379.5,382.75,379.0,382.25,202459
2020-02-14,377.75,381.5,376.25,379.5,216864
2020-02-18,383.0,383.25,378.0,378.5,215110
2020-02-19,380.5,382.75,378.5,382.25,172265
2020-02-20,378.5,381.25,378.0,380.75,173142
2020-02-21,377.0,380.5,376.25,378.25,169068
2020-02-24,372.25,376.25,370.0,376.25,170528
2020-02-25,372.5,374.75,371.25,373.0,119868
2020-02-26,370.5,374.0,368.25,372.0,268795
2020-02-27,364.5,370.0,361.75,369.75,156142
2020-02-28,366.5,367.25,362.75,364.5,18809
2020-03-02,374.75,375.75,366.0,366.5,6092
2020-03-03,381.75,383.75,375.75,375.75,3194
2020-03-04,387.0,388.5,380.0,382.0,3275
2020-03-05,384.5,387.5,382.0,387.5,1830
2020-03-06,377.25,385.5,377.0,383.75,1277
2020-03-09,374.25,377.5,368.5,372.0,921
2020-03-10,380.0,381.5,377.5,379.0,605
2020-03-11,379.25,380.5,377.0,380.25,942
2020-03-12,369.75,377.5,367.0,377.5,342
2020-03-13,370.75,375.5,370.0,370.0,191029
2020-03-16,354.75,367.75,354.0,362.5,188791
2020-03-17,344.0,356.75,342.75,355.25,219215
2020-03-18,335.25,345.25,332.0,344.0,255105
2020-03-19,345.5,354.75,336.5,336.5,223252
2020-03-20,343.75,356.75,342.25,346.5,189068
2020-03-23,343.5,345.5,338.25,340.25,114729
2020-03-24,347.25,350.5,338.0,343.5,126658
2020-03-25,348.5,352.75,345.75,347.5,118826
2020-03-26,348.75,349.25,343.75,348.25,113530
2020-03-27,346.0,350.0,342.5,348.5,114028
2020-03-30,341.25,346.75,340.0,343.0,108485
2020-03-31,340.75,344.75,333.5,341.75,208191
2020-04-01,334.75,342.75,333.5,341.25,151929
2020-04-02,333.5,343.25,333.0,335.0,151692
2020-04-03,330.75,338.5,328.0,334.5,158652
2020-04-06,327.75,331.75,325.5,329.75,111044
2020-04-07,331.5,335.5,328.0,328.0,157368
2020-04-08,330.0,334.0,328.25,332.0,151312
2020-04-09,331.75,333.5,328.0,330.75,169665
2020-04-13,331.5,334.0,326.5,332.25,147086
2020-04-14,326.0,332.0,325.75,331.25,191905
2020-04-15,319.25,326.75,317.5,326.0,161437
2020-04-16,319.75,323.0,317.75,318.75,136583
2020-04-17,322.25,325.5,319.5,319.75,99361
2020-04-20,314.25,323.25,313.5,322.5,150677
2020-04-21,309.25,316.25,301.0,314.25,197926
2020-04-22,317.5,320.25,308.25,310.0,146968
2020-04-23,319.25,323.5,315.0,317.0,136849
2020-04-24,315.75,320.75,312.0,319.25,113476
2020-04-27,305.5,315.75,304.25,315.0,108694
2020-04-28,302.75,308.5,301.25,305.0,138104
2020-04-29,304.5,308.75,300.25,302.75,121804
2020-04-30,311.5,313.0,303.5,305.25,11086
2020-05-01,311.5,311.5,308.0,311.0,3512
2020-05-04,310.75,310.75,305.5,309.5,2622
2020-05-05,313.0,314.75,310.5,310.5,867
2020-05-06,311.75,315.0,311.0,315.0,522
2020-05-07,316.0,318.0,313.25,313.5,1076
2020-05-08,319.0,321.75,317.5,317.75,1065
2020-05-11,318.5,322.25,318.0,320.0,333
2020-05-12,323.75,324.5,312.75,318.75,274
2020-05-13,320.25,323.5,320.0,323.5,91
2020-05-14,320.25,320.25,320.25,320.25,107147
2020-05-15,319.25,320.5,316.75,317.75,101614
2020-05-18,320.75,322.0,318.0,320.0,99372
2020-05-19,321.25,325.5,320.5,320.75,126375
2020-05-20,319.5,321.5,317.25,321.25,154473
2020-05-21,317.75,320.25,316.25,319.0,115119
2020-05-22,318.0,319.0,316.0,317.75,97188
2020-05-26,319.0,323.0,316.5,316.75,145175
2020-05-27,320.5,321.75,319.25,320.0,78423
2020-05-28,327.5,330.75,319.5,320.25,246973
2020-05-29,325.75,329.5,323.25,327.5,192310
2020-06-01,323.25,327.75,319.25,325.5,151319
2020-06-02,324.25,325.25,322.0,323.5,130469
2020-06-03,324.0,324.5,321.25,324.25,128010
2020-06-04,329.0,329.5,324.0,324.25,155612
2020-06-05,331.25,332.5,328.25,328.75,215912
2020-06-08,333.75,334.75,331.0,333.5,206335
2020-06-09,327.5,334.0,326.75,332.25,253631
2020-06-10,326.25,328.0,324.25,327.25,243286
2020-06-11,329.75,331.0,325.25,326.0,272975
2020-06-12,330.0,333.0,328.25,329.5,236621
2020-06-15,329.25,330.0,325.5,329.25,170741
2020-06-16,329.0,334.5,328.0,331.75,229095
2020-06-17,330.25,331.25,325.0,328.0,225643
2020-06-18,331.0,333.75,328.75,329.75,201444
2020-06-19,332.5,333.75,327.5,329.75,170567
2020-06-22,328.25,332.25,328.0,332.0,134480
2020-06-23,325.0,327.5,321.25,327.5,185863
2020-06-24,324.25,329.0,323.75,324.5,180307
2020-06-25,317.25,324.25,315.0,323.5,194687
2020-06-26,317.0,319.75,313.5,317.0,216581
2020-06-29,326.25,326.5,316.0,316.75,150216
2020-06-30,338.5,342.0,323.75,325.25,21411
2020-07-01,348.25,351.25,337.5,338.5,4582
2020-07-02,342.5,350.25,342.25,347.5,2491
2020-07-06,346.5,349.0,345.25,348.25,2094
2020-07-07,345.0,347.5,341.75,347.5,1273
2020-07-08,348.25,348.5,341.0,343.5,352
2020-07-09,351.25,356.5,348.25,349.0,495
2020-07-10,340.5,352.0,340.0,350.25,806
2020-07-13,334.0,337.25,332.0,337.25,437
2020-07-14,334.75,336.5,324.5,334.0,112416
2020-07-15,326.25,328.75,322.75,326.0,101702
2020-07-16,330.25,333.25,326.0,326.0,109531
2020-07-17,333.0,334.75,330.25,330.25,83693
2020-07-20,328.25,333.5,326.0,333.0,105214
2020-07-21,322.75,327.75,322.0,327.75,132248
2020-07-22,327.5,328.0,322.25,323.0,122910
2020-07-23,328.0,329.5,325.0,327.25,92652
2020-07-24,326.25,329.75,325.5,328.0,144237
2020-07-27,325.0,327.5,323.25,325.25,96017
2020-07-28,320.0,323.5,320.0,323.0,110739
2020-07-29,315.5,321.5,315.25,320.0,136660
2020-07-30,315.75,319.25,315.25,315.5,120454
2020-07-31,316.0,317.5,314.5,315.75,77056
2020-08-03,317.5,318.25,315.0,315.0,83190
2020-08-04,308.25,316.75,308.25,316.5,161834
2020-08-05,311.0,311.25,309.0,309.0,103355
2020-08-06,311.25,312.75,309.5,310.5,106028
2020-08-07,307.75,311.75,307.25,311.0,124482
2020-08-10,310.5,311.75,307.5,307.5,167514
2020-08-11,311.5,315.0,310.25,311.25,170713
2020-08-12,314.5,315.0,308.0,311.25,209796
2020-08-13,325.25,327.5,314.75,315.0,317363
2020-08-14,324.5,325.25,321.5,324.5,160379
2020-08-17,331.0,331.0,326.5,327.0,111934
2020-08-18,327.0,332.0,325.75,330.0,130091
2020-08-19,325.0,327.25,323.5,326.0,87620
2020-08-20,324.5,325.75,320.75,324.25,92738
2020-08-21,327.0,327.75,324.25,324.75,134880
2020-08-24,331.75,332.5,327.5,328.0,126824
2020-08-25,340.75,341.5,334.75,335.0,147003
2020-08-26,340.5,341.25,337.25,340.25,89216
2020-08-27,344.25,344.75,339.0,340.0,123788
2020-08-28,346.0,347.75,340.75,343.25,94064
2020-08-31,348.5,353.0,346.0,348.75,11030
2020-09-01,349.5,350.0,343.25,347.75,3700
2020-09-02,349.75,350.5,345.25,349.25,2609
2020-09-03,344.5,350.0,343.75,349.75,1449
2020-09-04,347.25,349.0,343.5,344.0,1680
2020-09-08,351.0,353.0,346.0,348.0,874
2020-09-09,350.0,351.25,348.5,349.75,112
2020-09-10,357.25,357.75,349.75,349.75,665
2020-09-11,365.0,366.0,355.5,355.5,675
2020-09-14,357.5,366.75,357.5,366.75,137658
2020-09-15,366.0,369.5,365.25,369.0,133018
2020-09-16,371.75,372.0,361.75,365.5,158937
2020-09-17,375.25,377.25,368.0,371.5,235205
2020-09-18,378.5,379.25,373.25,374.25,191291
2020-09-21,369.75,378.25,368.25,377.5,209548
2020-09-22,369.25,373.25,365.75,369.75,159145
2020-09-23,368.5,370.25,365.75,368.25,122193
2020-09-24,363.5,368.25,363.0,368.0,152367
2020-09-25,365.25,367.5,363.0,363.25,130065
2020-09-28,366.75,369.75,360.5,364.25,162085
2020-09-29,364.75,367.75,361.0,366.75,137617
2020-09-30,379.0,382.75,362.0,364.25,337543
2020-10-01,382.75,385.5,378.0,379.0,216356
2020-10-02,379.75,383.25,377.25,381.5,164090
2020-10-05,379.5,382.5,377.75,378.75,119040
2020-10-06,385.0,389.25,378.5,378.5,213443
2020-10-07,388.75,392.0,384.0,384.5,186782
2020-10-08,387.0,394.5,386.5,389.0,202957
2020-10-09,395.0,398.25,386.5,387.0,280954
2020-10-12,389.0,399.25,387.25,395.5,193542
2020-10-13,391.25,392.75,388.0,389.0,130273
2020-10-14,396.5,397.5,388.0,391.0,183507
2020-10-15,403.75,404.25,393.5,396.0,245381
2020-10-16,402.0,409.0,401.75,403.25,226808
2020-10-19,405.25,406.75,400.75,401.75,167466
2020-10-20,408.75,409.75,403.5,404.25,179887
2020-10-21,413.75,415.25,407.75,408.25,216167
2020-10-22,416.25,419.0,410.75,413.75,196234
2020-10-23,419.25,420.0,414.0,415.0,168924
2020-10-26,417.75,419.75,412.75,419.25,206162
2020-10-27,416.0,422.25,415.5,416.75,207081
2020-10-28,401.5,415.25,400.5,415.0,320256
2020-10-29,398.5,404.25,393.0,401.0,279411
2020-10-30,398.5,400.0,394.25,397.25,209475
2020-11-02,397.5,397.75,393.0,396.0,165146
2020-11-03,401.0,403.25,395.25,396.25,184363
2020-11-04,405.25,406.0,396.5,400.0,176330
2020-11-05,409.25,417.25,404.0,405.0,245189
2020-11-06,406.75,412.0,405.75,409.0,200681
2020-11-09,407.5,410.0,401.75,405.75,204111
2020-11-10,423.0,427.25,406.25,407.0,355814
2020-11-11,417.25,428.0,416.25,422.5,306427
2020-11-12,408.25,418.5,406.25,417.25,234330
2020-11-13,410.5,413.25,403.75,407.5,188493
2020-11-16,416.25,416.75,409.0,409.0,132116
2020-11-17,420.25,422.0,417.25,417.5,156573
2020-11-18,425.75,428.5,418.5,419.0,205431
2020-11-19,422.5,425.5,418.75,424.5,133305
2020-11-20,423.25,428.0,421.5,422.25,137243
2020-11-23,426.5,429.75,423.5,427.5,153801
2020-11-24,425.75,426.5,416.5,425.75,144304
2020-11-25,420.0,427.5,420.0,426.0,124261
2020-11-27,425.5,426.25,418.5,420.25,68262
2020-11-30,419.75,430.5,418.25,427.5,14701
2020-12-01,414.75,423.0,414.0,420.0,5316
2020-12-02,419.0,419.75,409.0,414.5,3551
2020-12-03,422.5,423.25,417.75,419.25,2379
2020-12-04,417.0,422.75,415.75,422.25,1675
2020-12-07,419.5,421.0,412.0,415.25,1156
2020-12-08,417.0,419.0,415.5,418.75,1757
2020-12-09,422.0,422.25,418.0,418.0,1079
2020-12-10,420.25,425.75,420.0,422.0,1262
2020-12-11,424.25,424.5,417.5,422.0,1724
2020-12-14,419.25,429.75,419.25,424.75,108692
2020-12-15,424.75,425.25,420.5,424.0,98612
2020-12-16,427.25,429.25,423.75,425.25,111651
2020-12-17,432.5,433.0,424.25,426.25,119655
2020-12-18,437.5,438.5,432.0,432.25,128812
2020-12-21,440.0,440.75,430.25,438.0,141947
2020-12-22,443.5,444.25,437.25,440.0,140992
2020-12-23,447.25,449.75,441.5,442.75,147651
2020-12-24,451.0,451.5,446.5,446.75,74879
2020-12-28,456.5,457.5,448.0,452.0,145219
2020-12-29,466.0,467.25,453.5,455.75,191298
2020-12-30,474.5,476.0,462.0,466.0,163367
2020-12-31,484.0,485.75,473.0,474.0,168459
2021-01-04,483.75,497.75,479.5,487.25,265157
2021-01-05,491.75,496.0,482.5,484.5,219646
2021-01-06,495.0,502.75,491.5,492.5,202374
2021-01-07,494.0,496.0,487.25,495.0,185782
2021-01-08,496.25,499.5,492.5,494.0,163270
2021-01-11,492.25,500.5,490.25,496.5,176563
2021-01-12,517.25,517.25,489.25,491.5,248448
2021-01-13,524.5,541.5,522.25,524.0,327689
2021-01-14,534.25,536.5,519.0,523.0,210370
2021-01-15,531.5,536.5,527.75,534.0,167504
2021-01-19,526.0,534.25,523.25,531.5,188564
2021-01-20,522.0,526.5,512.75,525.0,217777
2021-01-21,524.25,531.5,519.25,521.0,169566
2021-01-22,500.5,522.75,499.25,522.5,289548
2021-01-25,511.5,515.5,492.5,500.0,264763
2021-01-26,532.25,534.25,508.0,513.0,232259
2021-01-27,534.0,543.75,529.5,532.5,223887
2021-01-28,534.5,550.5,529.0,533.25,252543
2021-01-29,547.0,553.75,533.25,534.5,279607
2021-02-01,549.25,555.75,539.0,549.0,219066
2021-02-02,543.0,552.5,540.25,549.75,175739
2021-02-03,552.0,552.5,536.5,543.25,210137
2021-02-04,550.0,558.0,547.0,552.0,217079
2021-02-05,548.5,552.25,545.5,548.5,216445
2021-02-08,563.75,565.75,548.75,548.75,267647
2021-02-09,556.25,574.25,545.0,565.0,390741
2021-02-10,534.5,556.25,531.75,556.0,285720
2021-02-11,541.0,546.5,524.75,532.25,261046
2021-02-12,538.75,546.25,536.75,541.0,117970
2021-02-16,552.25,552.75,538.5,547.0,146173
2021-02-17,553.0,554.75,547.5,552.0,121352
2021-02-18,550.25,554.5,548.0,552.75,123409
2021-02-19,542.75,555.5,540.75,549.25,203468
2021-02-22,551.0,551.5,543.5,544.25,140629
2021-02-23,553.75,559.5,550.0,550.75,134967
2021-02-24,559.25,560.75,552.0,553.5,174397
2021-02-25,554.75,560.5,542.5,559.0,128538
2021-02-26,555.5,556.5,546.25,554.5,21395
2021-03-01,547.5,562.5,547.0,560.5,6534
2021-03-02,560.75,564.0,542.0,547.25,8112
2021-03-03,550.25,560.0,548.0,560.0,3809
2021-03-04,546.25,554.25,546.0,550.25,2129
2021-03-05,562.0,564.75,544.5,545.0,1441
2021-03-08,565.0,571.25,557.0,565.25,2320
2021-03-09,562.0,565.0,554.25,565.0,2224
2021-03-10,547.75,564.5,547.5,564.5,1986
2021-03-11,555.0,556.25,547.0,547.0,672
2021-03-12,549.25,551.5,544.5,545.0,123442
2021-03-15,549.5,550.75,532.75,537.0,140615
2021-03-16,554.25,555.5,546.75,549.5,132710
2021-03-17,558.0,558.5,552.0,554.0,129647
2021-03-18,546.5,558.0,545.25,556.75,157912
2021-03-19,557.75,559.0,545.5,546.25,158521
2021-03-22,549.0,558.75,546.75,558.0,129296
2021-03-23,551.25,556.0,547.75,551.25,122094
2021-03-24,553.25,553.75,548.25,551.0,92011
2021-03-25,546.5,552.5,541.5,552.25,142181
2021-03-26,552.5,554.0,544.0,546.5,124031
2021-03-29,546.75,552.0,542.25,551.75,119797
2021-03-30,539.25,547.5,533.75,546.25,136033
2021-03-31,564.25,564.25,536.25,538.25,145896
2021-04-01,559.75,585.0,556.5,575.0,249753
2021-04-05,553.25,564.5,549.75,561.25,143679
2021-04-06,554.25,561.5,552.25,553.75,134848
2021-04-07,560.5,562.25,553.75,555.75,158002
2021-04-08,579.75,583.0,559.25,560.75,258786
2021-04-09,577.25,595.0,575.5,579.0,249738
2021-04-12,569.0,586.0,567.25,577.75,198642
2021-04-13,580.0,584.5,565.5,569.0,225715
2021-04-14,594.0,597.75,578.75,579.75,242724
2021-04-15,590.0,601.5,587.75,594.25,176855
2021-04-16,585.5,594.75,583.25,590.5,165261
2021-04-19,592.0,596.75,588.25,588.75,105991
2021-04-20,606.5,611.75,592.75,593.0,180193
2021-04-21,625.5,628.5,604.5,609.5,163261
2021-04-22,650.5,650.5,623.5,624.25,147251
2021-04-23,655.5,658.5,638.25,653.0,157732
2021-04-26,680.5,680.5,661.0,661.0,157505
2021-04-27,695.5,720.5,680.5,688.5,166136
2021-04-28,686.25,720.5,676.25,697.75,107987
2021-04-29,702.0,704.5,681.0,683.75,30786
2021-04-30,740.0,746.25,699.25,702.5,9862
2021-05-03,732.25,758.25,724.0,740.0,3094
2021-05-04,744.75,758.25,730.0,732.0,1827
2021-05-05,753.25,756.0,740.75,750.0,1778
2021-05-06,759.5,768.0,746.25,761.0,2419
2021-05-07,772.75,775.0,755.0,763.25,680
2021-05-10,748.0,770.5,744.75,766.75,814
2021-05-11,759.5,771.5,747.25,747.25,404
2021-05-12,757.5,769.25,750.0,764.25,328
2021-05-13,719.0,769.0,717.5,757.5,307
2021-05-14,685.0,718.75,685.0,717.25,313038
2021-05-17,652.5,656.75,633.0,642.25,185347
2021-05-18,658.25,669.5,652.5,653.5,161908
2021-05-19,658.25,663.0,637.0,660.5,136686
2021-05-20,664.5,671.25,656.5,662.25,119730
2021-05-21,659.5,666.75,653.5,664.75,109618
2021-05-24,657.25,658.5,645.5,652.25,106865
2021-05-25,620.25,661.75,617.25,660.0,211650
2021-05-26,624.5,629.0,602.75,621.0,182610
2021-05-27,664.5,664.5,621.25,626.0,160605
2021-05-28,656.75,672.75,651.25,666.25,150329
2021-06-01,688.75,696.75,660.75,666.0,163972
2021-06-02,675.0,694.25,666.0,683.25,163861
2021-06-03,662.0,685.0,652.75,675.5,166363
2021-06-04,682.75,685.75,660.75,663.5,142300
2021-06-07,679.25,706.25,674.5,695.0,254039
2021-06-08,680.0,698.0,677.5,682.0,224000
2021-06-09,690.75,695.5,669.5,682.5,214261
2021-06-10,699.0,717.5,687.75,691.0,256320
2021-06-11,684.5,703.0,673.0,699.5,233946
2021-06-14,659.25,676.25,653.0,675.75,159570
2021-06-15,667.5,668.5,646.75,662.75,176454
2021-06-16,673.0,687.75,663.75,670.0,169908
2021-06-17,633.0,674.25,633.0,672.75,192026
2021-06-18,655.25,663.5,629.5,631.0,184523
2021-06-21,659.25,665.0,636.0,640.25,127442
2021-06-22,659.75,668.0,653.75,662.75,145930
2021-06-23,664.25,666.25,659.25,660.5,127090
2021-06-24,653.25,664.0,650.75,664.0,143749
2021-06-25,636.5,659.5,634.0,653.25,123016
2021-06-28,675.5,676.5,636.75,637.75,83833
2021-06-29,694.5,700.0,668.0,678.25,58727
2021-06-30,720.0,743.25,675.5,694.0,18226
2021-07-01,719.75,744.5,712.25,719.75,4706
2021-07-02,697.25,727.0,683.0,720.0,4751
2021-07-06,656.0,685.25,645.5,685.25,1707
2021-07-07,652.5,666.0,645.0,656.0,590
2021-07-08,638.0,659.5,636.0,657.5,497
2021-07-09,629.75,643.5,620.0,640.75,530
2021-07-12,669.25,669.25,619.5,629.75,431
2021-07-13,677.0,750.5,664.0,669.5,329
2021-07-14,683.0,687.0,682.0,682.0,88996
2021-07-15,564.25,571.5,561.0,568.5,69356
2021-07-16,556.0,570.5,553.25,564.0,83019
2021-07-19,556.0,571.5,548.75,570.0,67343
2021-07-20,571.75,576.25,557.25,558.0,77004
2021-07-21,571.75,579.0,567.75,572.0,78998
2021-07-22,564.5,571.75,555.0,571.5,81023
2021-07-23,547.25,569.25,544.5,564.75,81447
2021-07-26,549.75,551.25,536.75,549.25,72948
2021-07-27,548.75,564.0,544.25,554.0,67236
2021-07-28,549.25,554.25,545.0,554.0,62378
2021-07-29,558.0,559.0,546.5,549.25,71556
2021-07-30,547.0,557.75,546.5,557.0,65198
2021-08-02,558.75,559.25,540.25,547.25,83836
2021-08-03,550.5,563.5,546.75,555.75,95208
2021-08-04,545.75,555.25,540.25,550.5,70049
2021-08-05,555.75,560.75,545.75,546.75,92967
2021-08-06,555.0,560.5,548.75,555.0,142762
2021-08-09,550.25,556.0,547.0,554.0,144339
2021-08-10,549.25,550.25,544.0,548.5,143634
2021-08-11,556.25,558.5,548.25,548.75,184260
2021-08-12,567.0,589.5,548.5,554.75,247372
2021-08-13,568.25,575.0,559.0,566.75,97466
2021-08-16,564.75,572.0,561.0,568.25,60693
2021-08-17,558.25,569.5,556.25,567.5,67739
2021-08-18,561.75,563.5,556.5,559.0,64048
2021-08-19,550.0,560.5,546.75,560.5,90493
2021-08-20,538.75,554.25,533.25,550.25,83003
2021-08-23,538.0,544.25,531.5,536.0,50271
2021-08-24,544.5,546.5,537.0,539.5,82653
2021-08-25,551.25,555.0,541.25,544.5,80083
2021-08-26,552.75,555.75,548.0,550.0,73859
2021-08-27,558.0,558.75,548.75,553.0,107357
2021-08-30,540.25,560.0,531.5,557.25,73569
2021-08-31,534.0,542.0,524.0,540.0,8135
2021-09-01,515.5,535.0,514.25,534.0,5192
2021-09-02,516.25,521.0,510.0,515.5,1319
2021-09-03,508.0,518.25,506.75,516.75,967
2021-09-07,495.75,509.0,495.75,509.0,734
2021-09-08,498.25,504.0,495.0,497.5,451
2021-09-09,496.0,500.0,494.5,498.5,164
2021-09-10,502.75,505.0,487.75,499.0,370
2021-09-13,496.75,503.5,493.0,503.5,313
2021-09-14,503.0,503.0,497.0,497.0,114271
2021-09-15,533.5,534.5,520.5,520.75,152827
2021-09-16,529.5,537.5,528.0,533.5,118905
2021-09-17,527.25,530.5,521.75,529.0,109533
2021-09-20,521.75,527.0,515.25,527.0,125356
2021-09-21,517.0,522.75,512.75,522.0,119145
2021-09-22,525.5,526.25,516.0,517.0,112326
2021-09-23,529.25,531.0,520.25,524.5,95990
2021-09-24,526.75,528.75,524.0,528.5,93098
2021-09-27,539.5,540.0,524.0,524.75,144946
2021-09-28,532.5,541.75,532.0,538.75,125830
2021-09-29,539.0,541.0,533.5,533.5,107220
2021-09-30,536.75,548.5,527.25,539.0,222135
2021-10-01,541.5,545.25,532.0,536.75,135599
2021-10-04,540.75,547.5,536.0,540.0,132923
2021-10-05,537.5,543.0,535.25,540.0,119598
2021-10-06,532.25,544.75,531.5,537.0,126943
2021-10-07,534.0,535.25,527.5,532.75,104997
2021-10-08,530.5,538.75,530.0,533.25,95481
2021-10-11,533.0,534.0,528.75,530.0,104166
2021-10-12,522.5,533.0,519.25,532.75,196596
2021-10-13,512.25,525.25,506.75,523.0,203330
2021-10-14,516.75,518.25,511.0,512.25,140335
2021-10-15,525.75,528.5,514.25,516.25,130243
2021-10-18,532.75,533.75,523.0,525.75,119583
2021-10-19,530.25,537.0,529.5,532.0,119081
2021-10-20,539.25,540.0,528.5,530.0,129884
2021-10-21,532.25,540.0,530.75,539.0,119388
2021-10-22,538.0,540.0,532.0,533.0,109345
2021-10-25,538.0,542.0,535.0,537.0,107050
2021-10-26,543.5,547.25,533.0,538.0,146995
2021-10-27,557.25,563.25,539.5,542.5,241141
2021-10-28,562.75,568.75,554.0,556.5,164258
2021-10-29,568.25,569.25,558.75,562.5,135195
2021-11-01,579.0,582.0,565.25,568.0,197409
2021-11-02,573.0,586.0,572.0,578.25,174067
2021-11-03,564.0,573.25,563.0,572.0,149892
2021-11-04,559.25,569.75,556.5,563.75,149483
2021-11-05,553.0,562.75,552.25,560.0,192123
2021-11-08,551.5,554.75,549.5,552.0,166976
2021-11-09,554.75,564.0,547.75,551.0,246899
2021-11-10,569.25,571.75,555.0,555.5,209267
2021-11-11,569.5,579.0,566.0,567.75,264523
2021-11-12,577.25,582.0,566.75,569.25,163539
2021-11-15,576.5,578.75,569.75,576.25,128056
2021-11-16,571.0,577.5,570.0,576.0,137344
2021-11-17,575.25,584.0,570.0,570.75,185381
2021-11-18,573.0,583.0,572.0,575.0,171416
2021-11-19,570.75,576.0,568.0,573.0,130524
2021-11-22,576.75,579.0,569.75,570.5,172298
2021-11-23,580.5,581.0,572.5,576.25,179297
2021-11-24,579.75,589.0,575.5,580.25,265928
2021-11-26,586.75,588.0,566.75,571.5,180220
2021-11-29,581.0,588.25,576.5,586.0,158234
2021-11-30,567.0,582.0,562.0,581.0,24986
2021-12-01,572.0,576.0,567.0,568.0,6270
2021-12-02,577.0,583.0,570.0,571.25,6237
2021-12-03,586.0,588.75,576.25,576.25,3442
2021-12-06,583.5,586.0,578.0,586.0,2208
2021-12-07,586.25,589.5,579.5,584.0,1887
2021-12-08,584.75,589.0,584.0,585.0,2372
2021-12-09,588.5,591.25,576.75,585.75,2082
2021-12-10,588.5,592.0,585.0,588.5,862
2021-12-13,584.25,588.0,580.75,587.5,927
2021-12-14,588.75,591.0,576.75,583.25,117292
2021-12-15,585.75,596.5,582.0,590.0,138521
2021-12-16,591.25,592.0,584.5,587.5,101262
2021-12-17,593.25,598.75,589.25,591.0,129569
2021-12-20,591.0,595.75,587.0,595.0,106042
2021-12-21,598.25,599.0,589.5,591.0,119312
2021-12-22,602.5,606.75,597.0,597.5,154966
2021-12-23,605.75,607.0,600.5,601.5,108565
2021-12-27,614.75,615.5,607.0,608.25,123211
2021-12-28,604.75,617.75,603.75,614.25,134208
2021-12-29,605.5,610.75,599.5,604.0,117570
2021-12-30,596.0,606.0,592.75,605.5,122776
2021-12-31,593.25,599.25,592.5,595.75,69868
2022-01-03,589.25,603.5,584.75,599.0,146023
2022-01-04,609.5,611.25,591.5,591.75,210268
2022-01-05,602.25,609.75,601.25,608.5,148499
2022-01-06,603.75,605.75,596.0,601.25,151442
2022-01-07,606.75,608.25,599.0,605.25,140371
2022-01-10,599.75,608.0,596.25,605.25,135265
2022-01-11,601.0,604.75,598.0,599.75,128305
2022-01-12,599.0,604.0,591.0,601.0,181633
2022-01-13,587.5,599.75,585.25,599.0,186546
2022-01-14,596.25,598.25,585.25,587.5,140634
2022-01-18,599.5,600.75,588.25,592.75,141742
2022-01-19,610.5,614.5,600.0,600.0,179943
2022-01-20,611.0,614.25,606.25,609.0,127683
2022-01-21,616.25,618.5,604.25,607.5,187471
2022-01-24,621.0,621.5,609.25,617.5,194809
2022-01-25,620.0,631.0,618.5,620.0,298396
2022-01-26,627.0,627.75,615.0,619.0,172723
2022-01-27,625.25,627.75,621.25,625.0,151696
2022-01-28,636.0,637.25,623.0,623.25,188658
2022-01-31,626.0,642.5,622.5,635.75,243891
2022-02-01,634.75,639.5,624.5,626.0,196298
2022-02-02,622.5,640.75,616.75,634.5,275662
2022-02-03,616.75,624.25,610.25,622.5,215871
2022-02-04,620.5,623.25,613.25,618.5,181430
2022-02-07,635.25,636.75,624.75,628.75,232607
2022-02-08,632.25,636.75,627.25,636.5,200583
2022-02-09,646.75,647.75,630.5,632.25,320406
2022-02-10,641.75,662.75,638.75,646.0,372991
2022-02-11,651.0,657.75,637.75,641.0,243969
2022-02-14,655.75,656.75,642.5,651.25,144923
2022-02-15,638.0,655.5,635.5,655.0,177958
2022-02-16,647.0,647.75,636.25,637.75,126554
2022-02-17,650.0,652.0,642.75,645.5,121279
2022-02-18,654.25,658.0,647.0,648.5,154047
2022-02-22,674.75,676.75,657.75,657.75,168824
2022-02-23,683.75,685.0,669.25,674.0,154730
2022-02-24,695.0,718.75,682.0,683.5,161611
2022-02-25,659.5,707.0,657.0,696.75,94802
2022-02-28,697.5,704.75,679.0,688.0,15651
2022-03-01,739.75,744.25,699.75,699.75,7258
2022-03-02,739.0,760.0,723.0,741.75,3350
2022-03-03,751.25,778.5,745.0,745.0,3447
2022-03-04,756.5,800.0,741.0,761.75,2186
2022-03-07,749.25,782.75,742.75,782.75,1309
2022-03-08,754.5,759.0,724.0,747.5,547
2022-03-09,735.0,757.25,734.0,756.25,188
2022-03-10,757.75,768.0,738.5,738.5,74
2022-03-11,764.5,768.5,755.0,758.0,233
2022-03-14,728.25,752.0,725.5,745.0,104100
2022-03-15,758.0,759.0,736.0,745.25,89348
2022-03-16,730.0,757.0,726.75,756.75,106537
2022-03-17,754.5,757.5,728.5,730.0,90267
2022-03-18,741.75,755.0,736.5,753.75,84411
2022-03-21,756.25,765.0,743.0,746.5,93775
2022-03-22,753.0,761.0,744.0,756.75,104191
2022-03-23,757.75,770.5,749.0,752.25,112399
2022-03-24,748.25,762.5,745.0,757.0,100951
2022-03-25,754.0,755.25,742.5,748.5,73846
2022-03-28,748.5,750.25,740.5,749.0,89177
2022-03-29,726.25,747.5,713.5,746.25,180171
2022-03-30,738.0,748.75,726.75,727.0,109719
2022-03-31,748.75,770.0,732.5,739.25,173737
2022-04-01,735.0,751.5,730.25,748.5,155927
2022-04-04,750.5,752.25,734.75,737.0,112649
2022-04-05,759.75,768.0,749.25,750.75,123890
2022-04-06,756.5,761.5,750.25,759.75,110915
2022-04-07,757.75,759.25,748.5,755.75,149456
2022-04-08,768.75,773.0,752.75,757.0,170872
2022-04-11,764.5,778.0,762.0,767.0,170234
2022-04-12,776.25,779.0,765.0,765.5,154266
2022-04-13,783.5,786.25,767.25,775.0,182922
2022-04-14,790.25,793.0,781.0,783.5,108878
2022-04-18,813.25,816.75,790.25,791.0,114979
2022-04-19,804.0,819.75,799.75,813.25,133531
2022-04-20,815.75,816.5,796.75,803.5,128911
2022-04-21,799.25,814.25,797.5,814.0,111004
2022-04-22,793.0,807.5,783.5,798.75,140795
2022-04-25,800.25,802.0,784.75,796.75,114116
2022-04-26,803.25,812.25,795.0,800.25,85308
2022-04-27,815.5,820.25,797.5,802.75,70673
2022-04-28,816.0,823.5,811.0,816.25,47633
2022-04-29,818.25,827.0,814.0,816.25,11143
2022-05-02,813.0,814.0,798.0,811.5,2848
2022-05-03,800.75,822.0,799.75,817.5,2214
2022-05-04,798.5,808.75,796.0,801.0,1267
2022-05-05,803.75,804.75,796.0,799.75,410
2022-05-06,792.25,800.0,784.25,800.0,1248
2022-05-09,784.5,792.25,782.0,792.25,745
2022-05-10,786.5,790.75,782.5,787.5,597
2022-05-11,802.25,802.75,788.0,788.0,653
2022-05-12,813.5,814.0,798.75,802.5,911
2022-05-13,794.5,808.0,794.5,808.0,113807
2022-05-16,809.5,810.25,792.75,795.0,138859
2022-05-17,800.75,809.25,797.25,808.0,98317
2022-05-18,781.5,802.25,778.0,800.75,120123
2022-05-19,783.25,789.75,773.25,782.0,106424
2022-05-20,778.75,782.0,774.5,781.25,88004
2022-05-23,786.25,788.0,774.5,780.25,88355
2022-05-24,771.75,787.0,762.0,785.0,147022
2022-05-25,772.25,773.0,755.0,770.0,127425
2022-05-26,765.0,772.5,757.5,762.75,104920
2022-05-27,777.25,780.5,761.0,765.0,101090
2022-05-31,753.5,777.25,747.25,777.0,175461
2022-06-01,731.25,756.25,720.5,753.75,210389
2022-06-02,730.25,739.25,726.25,731.25,127143
2022-06-03,727.0,736.0,725.75,730.25,105542
2022-06-06,742.5,744.25,731.5,732.25,131922
2022-06-07,757.0,765.0,735.0,739.0,227575
2022-06-08,764.5,774.0,756.0,757.0,223848
2022-06-09,773.0,782.75,758.0,764.5,226325
2022-06-10,773.25,781.0,765.75,772.25,156100
2022-06-13,769.25,782.25,758.5,781.0,170044
2022-06-14,768.25,771.0,759.0,765.75,125798
2022-06-15,774.0,779.75,762.0,767.0,105906
2022-06-16,788.25,792.0,773.0,774.0,121542
2022-06-17,784.5,800.0,782.25,787.5,116061
2022-06-21,760.75,778.25,752.25,777.5,192144
2022-06-22,768.0,770.5,754.5,762.0,167778
2022-06-23,746.75,767.25,734.5,767.25,215839
2022-06-24,750.25,762.25,735.0,745.0,155989
2022-06-27,744.25,746.25,731.0,740.0,121830
2022-06-28,759.5,762.75,744.25,747.5,86035
2022-06-29,770.25,780.0,755.5,758.25,63702
2022-06-30,743.75,775.25,742.25,770.0,14477
2022-07-01,754.5,760.0,743.75,748.0,5489
2022-07-05,736.0,765.0,726.0,750.25,3775
2022-07-06,744.25,761.0,726.0,746.0,2703
2022-07-07,747.0,763.5,740.0,749.5,784
2022-07-08,778.25,781.0,744.0,750.75,1438
2022-07-11,781.25,800.0,780.75,783.25,1344
2022-07-12,732.75,785.25,732.0,781.0,1320
2022-07-13,740.0,756.5,725.0,726.0,485
2022-07-14,695.0,746.5,694.0,738.25,102346
2022-07-15,604.25,612.0,596.0,606.75,81572
2022-07-18,612.25,623.5,601.5,610.75,75978
2022-07-19,596.75,611.0,585.75,610.5,94156
2022-07-20,592.25,600.5,589.0,595.5,76176
2022-07-21,575.75,593.5,572.75,592.75,76755
2022-07-22,564.25,582.75,561.5,575.0,95957
2022-07-25,580.0,580.75,566.25,574.25,103447
2022-07-26,597.0,599.75,586.25,587.75,95701
2022-07-27,600.25,604.25,591.75,597.0,80955
2022-07-28,615.0,618.0,601.25,603.75,72681
2022-07-29,616.25,632.0,611.5,615.0,99164
2022-08-01,607.0,621.5,594.25,619.75,91871
2022-08-02,591.25,605.25,589.25,604.0,107008
2022-08-03,591.5,597.0,583.0,587.0,101905
2022-08-04,602.25,607.0,585.75,591.5,83780
2022-08-05,610.25,614.0,597.0,602.0,125020
2022-08-08,608.5,616.0,601.75,603.0,155070
2022-08-09,615.5,626.0,613.5,614.5,142242
2022-08-10,621.25,632.5,613.0,615.0,134330
2022-08-11,629.25,630.75,618.75,621.0,112043
2022-08-12,639.75,640.5,616.0,629.25,98631
2022-08-15,626.75,635.25,616.5,630.5,56712
2022-08-16,611.0,628.25,608.0,624.0,67190
2022-08-17,615.0,618.5,608.0,611.0,49240
2022-08-18,619.75,624.0,608.25,615.0,52153
2022-08-19,626.0,627.75,616.0,619.0,51219
2022-08-22,633.5,635.25,618.0,622.75,67378
2022-08-23,660.0,666.75,635.75,637.0,95345
2022-08-24,665.75,675.5,655.75,659.75,76015
2022-08-25,657.5,674.25,656.75,665.0,78316
2022-08-26,668.75,671.0,654.75,657.0,75544
2022-08-29,683.75,684.25,668.5,675.0,86635
2022-08-30,679.75,682.75,671.25,681.25,48457
2022-08-31,673.75,683.0,664.25,680.75,7831
2022-09-01,658.25,673.75,655.0,671.0,9013
2022-09-02,669.0,671.0,656.75,657.0,2137
2022-09-06,680.75,682.0,667.5,670.75,1289
2022-09-07,676.75,690.0,675.25,678.5,1269
2022-09-08,674.5,679.5,666.5,676.75,1219
2022-09-09,698.5,700.5,678.75,678.75,1439
2022-09-12,712.25,721.5,689.0,690.25,1332
2022-09-13,709.0,725.0,709.0,721.25,607
2022-09-14,709.0,709.0,709.0,709.0,117138
2022-09-15,677.5,690.0,676.25,681.75,111789
2022-09-16,677.25,680.5,667.5,676.25,121327
2022-09-19,678.25,680.0,668.25,675.75,96685
2022-09-20,692.0,693.5,677.5,677.75,123234
2022-09-21,685.5,698.5,679.25,692.0,127215
2022-09-22,688.25,691.0,681.5,683.5,97065
2022-09-23,676.75,688.0,669.5,687.0,154393
2022-09-26,666.25,679.0,665.5,673.25,140725
2022-09-27,667.5,678.0,666.25,666.25,163167
2022-09-28,670.5,673.25,661.5,668.25,137430
2022-09-29,669.5,676.75,666.0,670.5,139450
2022-09-30,677.5,696.25,669.25,669.5,253847
2022-10-03,680.75,687.5,672.5,680.0,132393
2022-10-04,683.0,691.5,676.5,680.75,119212
2022-10-05,684.0,687.5,675.75,683.0,114315
2022-10-06,675.5,685.75,672.0,683.75,128778
2022-10-07,683.25,684.5,671.5,675.5,113581
2022-10-10,698.25,706.5,683.5,683.75,201817
2022-10-11,693.0,702.0,690.75,697.0,140432
2022-10-12,693.0,700.0,680.0,693.25,180209
2022-10-13,697.75,699.5,684.0,692.25,167244
2022-10-14,689.75,699.5,688.5,697.0,108816
2022-10-17,683.5,692.25,681.25,689.0,106164
2022-10-18,681.0,683.75,674.5,683.0,147455
2022-10-19,678.25,684.5,674.0,681.0,112233
2022-10-20,684.0,687.0,676.75,678.0,134819
2022-10-21,684.25,688.0,677.75,683.5,109021
2022-10-24,681.5,686.5,677.25,682.25,119463
2022-10-25,686.25,687.5,677.75,681.5,116661
2022-10-26,685.0,689.75,683.25,684.25,106226
2022-10-27,682.25,689.25,679.25,685.0,112300
2022-10-28,680.75,683.75,676.25,681.25,115074
2022-10-31,691.5,700.0,684.25,696.5,226696
2022-11-01,697.75,698.5,687.25,689.0,146466
2022-11-02,687.5,697.25,680.0,696.5,168334
2022-11-03,679.25,686.5,678.5,686.0,123352
2022-11-04,681.0,685.25,678.5,679.25,112564
2022-11-07,675.75,680.75,675.25,679.0,162563
2022-11-08,667.5,677.0,666.25,675.75,227158
2022-11-09,664.5,671.75,658.0,667.0,246968
2022-11-10,653.25,667.25,652.75,664.5,229081
2022-11-11,658.0,661.0,653.5,653.75,233358
2022-11-14,657.25,662.0,652.25,657.0,181567
2022-11-15,666.75,675.0,651.25,657.0,234097
2022-11-16,665.25,666.0,657.5,665.25,121435
2022-11-17,667.5,668.25,654.75,665.0,138561
2022-11-18,667.75,672.75,665.25,667.5,131275
2022-11-21,659.5,666.75,657.25,666.5,143717
2022-11-22,656.75,663.0,656.25,659.5,107549
2022-11-23,663.25,663.75,655.75,657.75,104569
2022-11-25,668.0,669.75,661.0,661.25,71244
2022-11-28,668.75,670.0,661.0,665.0,149233
2022-11-29,665.75,671.25,665.25,667.5,110381
2022-11-30,662.0,667.0,660.0,665.75,18198
2022-12-01,650.0,663.75,647.0,661.75,8565
2022-12-02,635.0,650.25,629.0,650.25,5678
2022-12-05,628.75,638.25,625.5,635.5,762
2022-12-06,625.5,635.5,623.0,630.75,512
2022-12-07,627.75,632.5,624.0,626.5,662
2022-12-08,632.0,632.5,626.0,628.0,425
2022-12-09,634.75,639.75,631.5,631.5,453
2022-12-12,641.25,644.5,634.5,634.5,263
2022-12-13,643.75,650.5,639.25,642.5,184
2022-12-14,639.0,644.25,639.0,644.25,92295
2022-12-15,653.5,654.25,647.75,650.25,93735
2022-12-16,653.0,655.75,650.0,653.5,66395
2022-12-19,647.25,650.75,644.0,650.5,83168
2022-12-20,652.0,654.25,646.75,647.75,91464
2022-12-21,662.25,663.0,651.0,651.5,125592
2022-12-22,660.5,664.75,658.75,662.0,79924
2022-12-23,666.25,667.75,659.25,659.5,94496
2022-12-27,674.75,675.75,667.25,669.0,123172
2022-12-28,682.75,683.5,672.75,673.25,122193
2022-12-29,679.5,682.25,677.25,681.75,104937
2022-12-30,678.5,685.0,676.5,679.5,90321
2023-01-03,670.5,681.25,668.0,677.25,155538
2023-01-04,653.75,671.75,652.5,670.75,175762
2023-01-05,652.75,657.75,648.5,654.5,138833
2023-01-06,654.0,659.5,651.75,653.75,114158
2023-01-09,652.75,657.0,650.75,655.5,112236
2023-01-10,655.0,664.0,648.25,651.75,181158
2023-01-11,656.0,659.0,652.75,654.5,110880
2023-01-12,671.0,673.5,649.25,656.0,242526
2023-01-13,675.0,676.75,669.75,670.75,158823
2023-01-17,685.25,687.0,668.75,671.5,179918
2023-01-18,681.25,688.75,678.0,684.25,175374
2023-01-19,677.25,685.25,676.0,680.0,149959
2023-01-20,676.25,678.0,672.5,675.5,134978
2023-01-23,666.25,674.75,661.25,674.0,184766
2023-01-24,677.0,677.5,666.25,667.0,165294
2023-01-25,674.75,681.0,673.75,676.75,126030
2023-01-26,682.5,685.5,673.0,674.0,146553
2023-01-27,683.0,686.0,678.25,681.75,141239
2023-01-30,683.75,687.25,678.5,685.0,127942
2023-01-31,679.75,688.5,678.0,683.5,161229
2023-02-01,681.0,682.0,672.75,679.25,144367
2023-02-02,675.25,686.0,674.25,681.0,149905
2023-02-03,677.5,680.0,671.5,674.25,124847
2023-02-06,679.0,679.25,672.25,677.25,123611
2023-02-07,674.0,678.5,673.5,677.0,149454
2023-02-08,678.5,679.5,672.75,673.75,223791
2023-02-09,670.75,681.0,670.25,678.25,214275
2023-02-10,680.5,682.75,669.25,670.75,226648
2023-02-13,685.0,686.5,676.75,680.0,193009
2023-02-14,682.25,688.25,681.75,684.0,137226
2023-02-15,676.25,682.5,675.5,682.0,116550
2023-02-16,676.0,677.25,673.25,676.5,134971
2023-02-17,677.75,679.0,675.0,676.0,144084
2023-02-21,680.5,683.0,675.5,678.5,156078
2023-02-22,674.0,681.5,673.75,680.0,114787
2023-02-23,660.25,676.25,658.5,674.5,173384
2023-02-24,650.0,662.5,649.75,660.5,146407
2023-02-27,642.75,654.0,642.25,650.75,105656
2023-02-28,629.5,644.75,629.25,642.0,15545
2023-03-01,640.5,641.5,623.5,630.0,5431
2023-03-02,637.75,647.25,636.0,641.0,1871
2023-03-03,645.25,648.25,638.25,639.75,1043
2023-03-06,644.5,646.75,641.25,645.25,369
2023-03-07,642.0,646.75,639.75,644.25,702
2023-03-08,634.5,646.0,634.0,644.0,808
2023-03-09,618.5,637.25,618.25,633.75,597
2023-03-10,624.25,626.75,618.5,620.0,540
2023-03-13,624.5,629.0,622.25,622.25,542
2023-03-14,627.5,627.5,624.0,624.0,153530
2023-03-15,626.5,629.0,619.25,623.75,156411
2023-03-16,632.75,635.0,624.75,626.0,167311
2023-03-17,634.25,638.75,630.25,633.25,141477
2023-03-20,633.0,634.0,625.0,633.0,115794
2023-03-21,630.0,638.25,628.75,632.75,133312
2023-03-22,633.5,636.0,623.25,631.25,154747
2023-03-23,631.75,644.0,627.25,633.0,186439
2023-03-24,643.0,645.0,627.5,631.0,191256
2023-03-27,648.25,648.75,637.0,643.0,145573
2023-03-28,647.25,651.25,644.5,646.75,135236
2023-03-29,650.5,655.5,645.75,646.25,156693
2023-03-30,649.5,654.75,648.0,649.75,119486
2023-03-31,660.5,664.5,647.25,648.75,201892
2023-04-03,657.75,668.5,656.0,659.5,153870
2023-04-04,653.75,657.5,648.5,657.0,140103
2023-04-05,652.75,660.0,646.5,653.75,143556
2023-04-06,643.5,652.5,641.75,652.25,0
2023-04-10,654.0,655.0,640.25,644.5,150098
2023-04-11,651.0,657.75,646.75,653.5,200256
2023-04-12,656.0,658.5,648.75,651.0,150111
2023-04-13,652.25,661.75,651.5,656.0,147150
2023-04-14,666.25,668.0,651.0,653.75,154000
2023-04-17,676.5,677.0,662.25,666.0,146895
2023-04-18,677.5,682.5,669.75,676.0,130891
2023-04-19,672.25,680.0,671.0,675.75,114514
2023-04-20,663.75,674.0,661.5,672.0,120915
2023-04-21,663.25,665.5,656.5,664.25,127468
2023-04-24,651.25,667.5,648.5,663.25,134977
2023-04-25,646.5,653.0,641.5,651.25,100633
2023-04-26,641.5,652.25,641.0,648.0,65293
2023-04-27,627.0,644.25,621.75,642.0,59707
2023-04-28,636.0,639.0,622.0,628.25,13722
2023-05-01,639.5,641.0,628.0,632.5,2753
2023-05-02,638.0,652.0,635.5,641.75,5508
2023-05-03,645.25,646.0,626.5,636.5,2081
2023-05-04,646.5,649.5,637.5,642.25,2272
2023-05-05,653.25,656.25,644.0,644.0,1223
2023-05-08,656.5,658.5,651.5,652.75,677
2023-05-09,642.25,654.75,639.5,654.75,1588
2023-05-10,645.5,649.75,637.25,642.0,1067
2023-05-11,632.5,648.0,632.0,641.75,987
2023-05-12,633.25,638.75,623.5,634.75,169418
2023-05-15,592.5,598.75,581.5,581.5,164174
2023-05-16,581.25,593.0,578.25,592.0,133849
2023-05-17,561.5,582.75,554.25,581.75,265000
2023-05-18,555.25,561.75,547.0,561.25,181018
2023-05-19,554.5,571.75,551.5,555.0,183019
2023-05-22,571.0,575.5,553.25,554.75,148542
2023-05-23,577.5,580.75,564.0,570.25,133375
2023-05-24,587.25,589.75,574.0,577.0,152816
2023-05-25,590.75,593.0,583.5,587.5,145545
2023-05-26,604.0,606.75,588.25,590.25,178644
2023-05-30,594.0,605.0,591.5,603.75,176207
2023-05-31,594.0,594.75,577.5,594.25,170159
2023-06-01,592.5,606.0,591.75,594.0,153589
2023-06-02,609.0,610.5,581.25,592.5,199864
2023-06-05,597.5,614.0,595.0,609.0,168376
2023-06-06,608.0,610.75,599.75,599.75,185929
2023-06-07,604.25,612.5,601.75,605.0,174301
2023-06-08,610.25,613.25,595.25,600.0,178765
2023-06-09,604.25,609.0,597.5,608.25,174688
2023-06-12,617.25,623.75,608.75,609.0,208159
2023-06-13,612.5,625.0,610.75,617.0,202991
2023-06-14,607.75,618.75,601.5,610.25,187535
2023-06-15,623.25,626.5,607.25,608.0,194030
2023-06-16,640.25,641.0,622.25,623.0,223694
2023-06-20,643.75,647.0,635.5,640.75,151986
2023-06-21,671.0,672.5,647.25,650.0,150762
2023-06-22,660.5,670.25,653.0,668.25,117760
2023-06-23,630.75,657.5,629.0,655.75,142972
2023-06-26,637.25,649.75,621.0,634.5,117529
2023-06-27,623.0,644.5,622.25,643.0,93042
2023-06-28,590.0,630.75,582.0,625.0,89617
2023-06-29,581.0,603.5,574.0,591.75,42588
2023-06-30,554.5,595.0,552.0,585.0,6458
2023-07-03,557.25,568.25,553.25,558.5,1610
2023-07-05,548.25,564.25,545.5,558.0,1921
2023-07-06,566.75,569.25,547.25,547.25,1410
2023-07-07,560.5,571.75,560.0,567.0,1322
2023-07-10,570.75,572.0,561.0,561.0,518
2023-07-11,571.75,585.5,567.5,567.5,789
2023-07-12,549.75,574.5,547.25,573.0,713
2023-07-13,593.5,593.75,547.5,547.5,129
2023-07-14,599.75,614.75,599.75,609.75,107632
2023-07-17,499.25,519.75,496.25,512.0,87969
2023-07-18,528.75,534.75,495.25,497.75,132495
2023-07-19,545.5,557.5,525.75,526.75,193393
2023-07-20,537.25,554.5,533.0,545.0,123962
2023-07-21,527.0,538.75,522.5,536.5,121026
2023-07-24,560.5,564.5,531.5,534.0,115440
2023-07-25,557.5,563.75,545.5,559.75,104803
2023-07-26,540.25,557.25,536.75,557.0,106980
2023-07-27,533.25,547.0,532.25,540.25,95908
2023-07-28,521.0,538.5,516.75,533.0,90547
2023-07-31,504.0,516.25,498.5,516.25,111158
2023-08-01,497.0,508.0,496.5,504.0,116230
2023-08-02,488.25,512.25,485.75,497.25,158406
2023-08-03,480.75,489.75,480.25,486.25,101378
2023-08-04,484.25,493.5,480.25,482.5,96911
2023-08-07,482.25,488.5,476.0,484.75,164880
2023-08-08,485.75,488.75,477.25,482.0,124554
2023-08-09,481.0,490.0,479.0,485.75,120224
2023-08-10,483.25,485.5,480.0,481.5,93318
2023-08-11,474.5,494.75,470.5,483.0,174425
2023-08-14,475.75,479.75,468.75,476.25,73606
2023-08-15,464.0,474.0,462.0,474.0,89967
2023-08-16,469.5,473.0,462.0,463.0,70843
2023-08-17,473.0,475.0,464.75,470.0,69172
2023-08-18,479.5,482.5,472.5,473.75,66477
2023-08-21,469.25,493.0,468.0,486.0,74711
2023-08-22,466.5,472.5,461.0,469.25,72976
2023-08-23,476.25,478.25,465.5,467.0,84523
2023-08-24,472.25,480.5,468.5,476.25,85162
2023-08-25,470.75,477.0,469.0,471.25,84408
2023-08-28,478.5,480.0,472.25,476.25,87576
2023-08-29,469.5,483.0,468.5,476.5,98795
2023-08-30,461.75,474.75,460.25,469.0,74605
2023-08-31,461.0,468.0,459.0,461.75,12073
2023-09-01,464.75,468.25,460.25,461.0,3311
2023-09-05,471.0,473.75,462.5,466.0,1553
2023-09-06,471.5,476.25,471.25,473.5,841
2023-09-07,470.75,474.0,468.5,471.25,741
2023-09-08,468.5,472.25,467.0,471.25,233
2023-09-11,471.25,471.5,468.0,470.25,430
2023-09-12,463.25,473.5,462.75,473.5,174
2023-09-13,464.0,467.75,462.5,466.75,120
2023-09-14,462.5,462.5,455.75,455.75,113552
2023-09-15,476.25,483.5,475.0,480.0,110377
2023-09-18,471.5,478.75,469.0,475.25,143316
2023-09-19,476.25,477.0,467.75,471.25,139647
2023-09-20,482.25,483.0,474.5,476.0,162298
2023-09-21,475.25,482.5,474.0,481.0,115196
2023-09-22,477.25,478.5,474.25,475.0,88610
2023-09-25,481.25,482.5,473.75,475.25,101591
2023-09-26,479.75,483.5,476.5,481.0,117585
2023-09-27,483.25,486.75,479.0,479.75,125713
2023-09-28,488.5,489.25,481.0,483.75,114318
2023-09-29,476.75,490.0,475.5,487.5,209423
2023-10-02,488.75,489.75,476.0,477.0,159224
2023-10-03,487.5,489.25,484.25,488.0,138101
2023-10-04,486.0,489.75,482.5,487.5,129880
2023-10-05,497.5,498.5,482.5,486.0,186342
2023-10-06,492.0,499.0,491.5,496.0,125225
2023-10-09,488.25,497.0,487.25,492.0,115532
2023-10-10,485.5,488.25,484.25,488.0,110081
2023-10-11,488.0,488.5,483.5,485.5,102590
2023-10-12,496.0,498.75,482.25,487.75,208365
2023-10-13,493.25,498.75,490.5,495.0,138232
2023-10-16,490.0,496.75,489.5,493.5,113486
2023-10-17,489.0,492.75,487.75,490.0,102031
2023-10-18,492.0,494.0,488.5,488.5,119274
2023-10-19,505.0,505.5,490.25,492.0,279440
2023-10-20,495.5,509.5,495.0,504.0,264540
2023-10-23,490.25,497.0,490.25,494.25,126442
2023-10-24,484.0,491.5,482.75,490.75,161081
2023-10-25,480.0,486.0,476.75,483.5,177281
2023-10-26,479.25,484.25,477.5,480.0,190730
2023-10-27,480.75,484.0,478.25,479.25,126300
2023-10-30,478.25,484.25,477.5,480.0,136565
2023-10-31,478.75,483.0,477.5,478.25,136045
2023-11-01,475.0,480.0,472.5,478.75,180119
2023-11-02,470.0,477.0,469.5,475.0,202193
2023-11-03,477.25,481.25,468.0,470.0,200217
2023-11-06,477.25,480.75,476.75,477.25,131646
2023-11-07,468.5,477.5,468.0,477.0,215810
2023-11-08,476.0,480.5,468.5,469.0,322782
2023-11-09,468.0,476.0,466.5,475.0,257163
2023-11-10,464.0,469.0,461.75,468.0,230543
2023-11-13,477.25,477.75,461.0,463.25,249727
2023-11-14,478.25,480.0,473.0,477.0,183143
2023-11-15,470.75,480.5,467.25,477.75,245509
2023-11-16,474.75,476.25,465.25,471.0,182325
2023-11-17,467.0,475.0,466.75,474.5,132235
2023-11-20,469.5,470.25,464.5,467.0,139825
2023-11-21,470.0,475.0,468.0,469.25,173228
2023-11-22,468.75,473.75,467.75,468.75,126935
2023-11-24,463.25,470.5,462.5,468.0,113555
2023-11-27,455.5,465.75,453.75,464.25,180939
2023-11-28,451.5,456.75,450.25,455.5,181371
2023-11-29,449.75,453.5,447.0,451.0,139560
2023-11-30,461.75,462.75,449.75,449.75,14188
2023-12-01,464.5,469.5,458.25,460.25,3312
2023-12-04,460.25,463.75,457.0,461.25,1925
2023-12-05,468.5,468.5,460.25,460.25,639
2023-12-06,464.75,473.0,463.75,467.75,347
2023-12-07,468.25,469.25,465.0,465.0,322
2023-12-08,465.75,472.0,465.75,468.0,319
2023-12-11,460.5,466.25,460.5,465.5,379
2023-12-12,462.5,467.0,459.25,459.25,265
2023-12-13,456.75,462.5,455.0,462.5,256
2023-12-14,456.75,460.0,456.75,459.0,106424
2023-12-15,483.0,484.0,477.75,479.25,108554
2023-12-18,477.0,482.75,475.5,482.5,129446
2023-12-19,472.75,478.25,471.5,477.25,130033
2023-12-20,469.75,475.5,468.25,472.75,131027
2023-12-21,472.5,474.0,469.25,470.0,108597
2023-12-22,473.0,474.0,471.5,472.5,80484
2023-12-26,480.25,481.0,471.5,473.0,114198
2023-12-27,476.5,480.25,474.5,479.75,107950
2023-12-28,474.25,478.75,474.0,476.0,99398
2023-12-29,471.25,475.0,470.5,473.75,109649
2024-01-02,463.75,470.75,462.5,470.5,187193
2024-01-03,465.25,466.0,461.75,464.75,147913
2024-01-04,466.5,469.0,463.5,465.0,127034
2024-01-05,460.75,467.75,460.0,466.5,151589
2024-01-08,455.0,462.5,452.0,461.0,214324
2024-01-09,459.25,460.5,451.75,454.75,215153
2024-01-10,459.5,461.75,454.5,459.0,193507
2024-01-11,457.75,461.5,455.75,459.0,165189
2024-01-12,447.0,460.0,441.0,457.0,314095
2024-01-16,443.5,451.25,442.0,447.75,175650
2024-01-17,442.25,448.25,440.0,443.5,205711
2024-01-18,444.0,445.0,436.75,442.0,180948
2024-01-19,445.5,449.5,443.0,443.5,148101
2024-01-22,445.75,448.0,444.0,445.5,112771
2024-01-23,446.5,450.5,444.0,445.75,152301
2024-01-24,452.25,452.75,446.25,446.5,156004
2024-01-25,451.75,453.25,447.5,451.5,169289
2024-01-26,446.25,451.75,445.5,451.0,135726
2024-01-29,440.25,447.5,437.5,446.25,203565
2024-01-30,447.75,448.25,436.5,439.75,194898
2024-01-31,448.25,448.75,443.25,447.25,135485
2024-02-01,447.25,448.0,443.5,448.0,153724
2024-02-02,442.75,448.75,442.0,446.5,129450
2024-02-05,442.75,445.0,439.5,442.75,137664
2024-02-06,438.75,445.5,438.25,442.75,193360
2024-02-07,434.25,439.25,432.75,438.5,245418
2024-02-08,433.25,437.0,429.75,434.5,222878
2024-02-09,429.0,437.0,428.25,433.0,206271
2024-02-12,430.5,432.75,427.75,430.25,198795
2024-02-13,430.75,434.75,428.75,430.25,182682
2024-02-14,424.25,431.0,422.25,430.75,230224
2024-02-15,417.75,425.0,417.25,424.0,217729
2024-02-16,416.5,421.5,415.0,417.5,176972
2024-02-20,418.75,421.5,414.75,416.25,217838
2024-02-21,411.0,419.5,410.0,418.5,180048
2024-02-22,406.0,415.5,404.25,410.0,199941
2024-02-23,399.75,409.25,398.5,406.0,218218
2024-02-26,407.0,407.75,394.5,399.75,227175
2024-02-27,408.25,411.5,406.25,406.5,139596
2024-02-28,413.25,414.75,406.5,408.25,118959
2024-02-29,415.75,418.75,409.75,415.0,8781
2024-03-01,412.25,418.0,409.25,415.5,3475
2024-03-04,417.5,420.75,412.0,412.0,2214
2024-03-05,413.5,418.0,412.5,417.25,1544
2024-03-06,418.0,418.0,412.0,413.25,2542
2024-03-07,426.0,427.5,418.25,418.25,1645
2024-03-08,426.25,426.5,420.5,424.25,755
2024-03-11,428.25,428.5,419.75,421.75,615
2024-03-12,429.0,435.0,424.75,425.0,527
2024-03-13,426.5,432.5,426.5,430.0,75
2024-03-14,422.5,426.0,422.5,426.0,153348
2024-03-15,436.75,440.0,431.75,433.75,140242
2024-03-18,436.0,440.5,434.0,437.0,121822
2024-03-19,439.5,440.0,435.0,436.5,115115
2024-03-20,439.0,439.5,435.5,439.0,131971
2024-03-21,440.75,445.75,437.5,439.0,158789
2024-03-22,439.25,441.5,436.0,440.25,132898
2024-03-25,437.75,441.25,437.0,439.0,118606
2024-03-26,432.5,440.75,432.0,437.25,155311
2024-03-27,426.75,432.25,426.25,432.0,165189
2024-03-28,442.0,448.0,426.0,426.75,360086
2024-04-01,435.5,442.0,432.25,441.75,200474
2024-04-02,426.5,436.75,424.5,435.75,235504
2024-04-03,431.75,433.0,425.75,428.25,187684
2024-04-04,435.25,436.0,429.75,432.25,153811
2024-04-05,434.25,438.5,432.25,435.0,192940
2024-04-08,435.5,437.5,431.5,433.75,215991
2024-04-09,431.25,435.75,429.75,435.0,219304
2024-04-10,434.25,435.75,430.75,431.0,210255
2024-04-11,428.75,437.5,427.5,434.0,250695
2024-04-12,435.5,437.5,427.0,428.25,202052
2024-04-15,431.5,435.0,430.25,434.5,152252
2024-04-16,431.0,432.25,428.5,431.25,148116
2024-04-17,430.25,433.0,429.5,431.0,139235
2024-04-18,426.75,431.0,426.25,429.5,180777
2024-04-19,433.5,434.0,426.75,427.25,163574
2024-04-22,439.75,441.0,431.0,432.25,192556
2024-04-23,443.0,443.75,438.5,439.25,144096
2024-04-24,437.75,444.5,437.25,442.75,161654
2024-04-25,441.0,442.0,436.0,437.75,168023
2024-04-26,440.0,442.75,439.0,441.0,165048
2024-04-29,439.25,441.5,435.0,440.0,117196
2024-04-30,439.5,441.25,437.0,439.25,14833
2024-05-01,443.25,444.25,437.25,440.0,4184
2024-05-02,452.0,452.25,442.5,442.75,2944
2024-05-03,447.0,458.5,446.75,451.25,2540
2024-05-06,457.0,458.5,444.5,447.0,1907
2024-05-07,453.75,459.5,453.75,457.0,1021
2024-05-08,445.5,452.75,444.25,452.75,634
2024-05-09,442.75,447.5,441.0,447.25,573
2024-05-10,455.75,455.75,443.25,443.25,316
2024-05-13,458.5,461.5,453.5,453.5,317
2024-05-14,453.75,461.0,453.25,461.0,246243
2024-05-15,462.5,473.25,461.5,467.75,222335
2024-05-16,457.0,465.25,456.0,462.25,200532
2024-05-17,452.5,460.5,451.0,457.25,217848
2024-05-20,460.5,463.5,452.25,452.75,185086
2024-05-21,458.0,461.25,455.0,460.0,168069
2024-05-22,461.25,463.25,458.0,458.5,175899
2024-05-23,464.0,467.25,458.5,461.25,166864
2024-05-24,464.75,466.75,460.75,464.5,169182
2024-05-28,462.5,471.0,460.0,467.0,166128
2024-05-29,455.25,463.0,454.25,462.5,166319
2024-05-30,448.75,457.0,447.5,455.25,225176
2024-05-31,446.25,453.75,445.5,449.0,174860
2024-06-03,443.5,449.0,439.0,445.75,262804
2024-06-04,442.5,448.25,440.0,442.5,221274
2024-06-05,439.25,444.25,438.25,442.5,183305
2024-06-06,452.0,453.25,438.75,439.25,261537
2024-06-07,448.75,454.25,444.25,452.0,238072
2024-06-10,451.75,452.75,447.75,448.75,230930
2024-06-11,449.5,456.25,449.0,450.75,271960
2024-06-12,454.25,455.0,448.5,449.0,276468
2024-06-13,458.5,460.5,453.5,453.5,296248
2024-06-14,450.0,459.5,448.0,458.0,228388
2024-06-17,443.75,450.0,443.25,448.0,172134
2024-06-18,450.0,452.0,443.75,444.25,191652
2024-06-20,439.75,449.5,439.25,448.25,229750
2024-06-21,435.0,442.5,434.25,440.0,217553
2024-06-24,433.5,436.0,425.0,435.0,203582
2024-06-25,425.5,434.5,423.5,433.5,172164
2024-06-26,420.0,430.0,418.75,425.0,161453
2024-06-27,413.75,421.25,413.5,420.0,142693
2024-06-28,397.25,419.0,390.5,414.0,15899
2024-07-01,398.25,401.25,391.75,397.25,1731
2024-07-02,402.0,403.75,398.25,398.25,764
2024-07-03,403.5,405.0,399.0,402.25,584
2024-07-05,411.25,412.0,405.5,406.0,398
2024-07-08,395.75,411.75,394.5,411.75,666
2024-07-09,400.25,406.75,397.0,400.25,585
2024-07-10,403.25,405.75,399.75,399.75,214
2024-07-11,406.75,411.0,406.75,411.0,65
2024-07-12,400.0,400.0,395.25,395.75,211323
2024-07-15,390.5,403.0,389.5,403.0,140155
2024-07-16,395.75,398.0,390.0,390.0,133849
2024-07-17,398.0,400.0,395.0,395.75,115086
2024-07-18,391.25,399.0,390.0,398.0,114790
2024-07-19,390.5,396.25,390.0,391.0,111883
2024-07-22,400.25,401.0,391.0,391.0,150907
2024-07-23,402.5,407.0,397.25,399.0,143835
2024-07-24,403.75,409.5,399.0,401.5,149625
2024-07-25,406.0,408.75,402.0,403.0,119013
2024-07-26,394.5,406.5,394.0,405.75,154397
2024-07-29,396.25,397.0,390.0,392.75,142225
2024-07-30,388.75,396.75,387.25,396.0,123321
2024-07-31,382.75,390.5,381.0,387.75,156261
2024-08-01,382.0,384.0,378.0,382.5,116742
2024-08-02,386.5,387.75,381.75,383.0,113751
2024-08-05,390.75,391.75,378.75,385.75,157029
2024-08-06,388.75,393.0,385.75,390.75,107227
2024-08-07,383.25,388.0,381.75,387.75,199142
2024-08-08,379.25,386.5,378.5,383.0,157714
2024-08-09,376.75,381.25,375.25,379.0,157231
2024-08-12,383.25,385.25,372.5,376.25,203695
2024-08-13,377.75,385.0,376.25,382.75,172577
2024-08-14,381.0,382.0,376.0,377.25,125031
2024-08-15,375.0,383.5,374.5,380.75,151990
2024-08-16,370.5,375.75,367.75,374.5,137465
2024-08-19,378.0,378.5,370.0,370.25,151084
2024-08-20,375.0,378.5,374.75,377.75,122507
2024-08-21,375.5,378.0,374.0,374.75,96191
2024-08-22,371.5,376.5,370.75,375.5,131932
2024-08-23,367.75,374.0,367.25,371.0,138358
2024-08-26,362.0,367.5,360.5,367.25,143588
2024-08-27,367.25,369.25,360.75,361.5,161618
2024-08-28,365.25,367.75,362.25,367.0,160784
2024-08-29,371.75,372.75,363.75,364.25,100531
2024-08-30,378.0,378.75,371.0,371.25,6393
2024-09-03,386.5,386.75,376.5,378.0,3017
2024-09-04,390.5,391.25,383.0,385.5,1519
2024-09-05,390.0,390.0,386.75,389.0,485
2024-09-06,383.75,395.25,383.0,389.75,504
2024-09-09,384.25,385.25,381.0,383.75,504
2024-09-10,379.5,382.75,379.5,382.75,296
2024-09-11,380.5,381.25,377.0,379.75,117
2024-09-12,386.25,387.5,380.5,380.5,123
2024-09-13,390.75,394.0,381.0,381.25,229028
2024-09-16,410.75,413.0,408.5,413.0,150818
2024-09-17,412.5,413.0,408.5,410.0,123973
2024-09-18,412.75,415.0,411.0,412.0,134644
2024-09-19,405.75,413.0,405.25,412.25,166204
2024-09-20,401.75,407.25,401.5,406.0,178231
2024-09-23,413.5,414.25,401.25,401.5,228072
2024-09-24,411.75,418.25,410.0,413.0,210496
2024-09-25,415.25,415.5,408.5,411.75,158957
2024-09-26,413.25,419.25,412.5,414.75,204872
2024-09-27,418.0,419.75,410.75,413.0,218578
2024-09-30,424.75,427.75,415.5,416.5,272926
2024-10-01,429.0,432.5,421.75,423.5,262757
2024-10-02,432.5,434.25,428.5,428.5,239747
2024-10-03,428.25,433.25,427.5,431.5,181331
2024-10-04,424.75,427.5,423.0,427.5,165354
2024-10-07,426.0,427.0,421.25,424.0,161439
2024-10-08,420.75,428.0,419.25,426.0,229659
2024-10-09,421.0,423.5,420.0,420.25,148815
2024-10-10,418.5,424.0,418.0,421.0,171360
2024-10-11,415.75,422.75,415.25,418.5,224069
2024-10-14,408.25,415.25,407.5,415.0,257782
2024-10-15,401.25,408.0,400.5,408.0,305403
2024-10-16,404.75,406.75,401.0,401.25,214285
2024-10-17,406.75,407.5,399.0,404.5,255482
2024-10-18,404.75,409.5,403.75,406.75,193538
2024-10-21,409.5,411.75,403.0,403.75,241760
2024-10-22,416.5,417.0,408.25,409.0,267224
2024-10-23,419.0,420.0,414.0,416.0,246005
2024-10-24,421.5,424.0,418.25,418.75,287987
2024-10-25,415.25,421.0,414.5,420.5,247609
2024-10-28,410.75,414.75,410.0,413.25,251359
2024-10-29,413.75,414.75,410.0,410.0,197431
2024-10-30,411.5,414.25,411.0,413.25,170092
2024-10-31,410.75,412.75,409.25,411.5,238814
2024-11-01,414.5,415.75,410.5,410.75,197406
2024-11-04,416.5,420.0,413.0,414.0,219138
2024-11-05,418.5,419.75,415.25,416.25,167928
2024-11-06,426.25,426.75,414.25,418.0,283193
2024-11-07,427.5,428.5,422.25,425.75,310584
2024-11-08,431.0,434.75,426.75,427.5,347310
2024-11-11,430.0,432.0,426.5,430.0,250205
2024-11-12,428.5,433.5,426.75,429.75,250503
2024-11-13,426.5,429.75,424.25,428.5,235165
2024-11-14,419.0,428.0,418.25,426.0,292267
2024-11-15,424.0,425.0,417.0,418.75,218570
2024-11-18,429.25,429.5,422.25,423.75,190964
2024-11-19,427.25,431.5,426.5,428.75,215160
2024-11-20,430.25,432.0,424.75,427.0,224875
2024-11-21,426.75,432.0,426.25,430.0,187445
2024-11-22,425.5,429.5,425.0,426.75,159873
2024-11-25,424.75,426.25,422.25,425.25,226269
2024-11-26,420.0,425.75,417.75,424.25,210241
2024-11-27,415.75,422.25,414.75,420.0,145009
2024-11-29,423.0,423.5,415.0,416.0,7903
2024-12-02,424.5,425.5,420.75,423.0,3895
2024-12-03,423.25,428.0,422.75,425.0,4091
2024-12-04,422.0,424.5,421.0,423.25,1723
2024-12-05,426.5,427.0,420.25,421.5,2566
2024-12-06,430.75,431.5,425.25,426.5,1372
2024-12-09,434.0,434.75,431.0,431.25,1586
2024-12-10,440.5,440.75,433.25,433.5,1685
2024-12-11,438.0,443.25,437.75,440.0,570
2024-12-12,431.75,439.0,431.75,436.5,334
2024-12-13,430.0,434.25,426.25,434.25,170867
2024-12-16,445.0,445.75,441.25,441.25,157167
2024-12-17,443.5,446.75,441.25,445.0,164416
2024-12-18,437.25,446.5,437.0,443.75,176178
2024-12-19,440.75,441.0,435.75,437.0,182519
2024-12-20,446.25,447.5,439.5,439.75,191422
2024-12-23,447.75,448.25,445.25,446.0,132878
2024-12-24,448.5,448.75,446.75,447.25,88153
2024-12-26,453.75,454.25,448.5,448.5,176165
2024-12-27,454.0,455.0,452.25,453.25,162024
2024-12-30,452.25,458.5,449.75,453.75,217069
2024-12-31,458.5,459.0,452.0,452.25,172882
2025-01-02,459.5,459.75,456.25,457.25,163449
2025-01-03,450.75,459.75,449.25,459.5,199340
2025-01-06,457.75,460.25,451.5,451.5,227403
2025-01-07,458.0,458.5,453.0,456.0,211629
2025-01-08,454.0,459.25,453.5,457.75,192588
2025-01-09,456.0,457.25,453.5,454.0,157712
2025-01-10,470.5,472.5,455.75,456.0,467086
2025-01-13,476.5,477.0,469.25,469.75,376883
2025-01-14,474.5,479.75,473.5,475.5,278017
2025-01-15,478.75,479.5,474.0,474.25,218140
2025-01-16,474.5,479.0,473.25,478.75,209824
2025-01-17,484.25,485.0,474.0,474.0,305007
2025-01-21,490.0,490.5,482.5,484.25,295105
2025-01-22,484.25,492.25,482.5,489.5,264538
2025-01-23,489.75,494.5,480.5,484.25,250550
2025-01-24,486.5,489.5,483.5,487.0,208959
2025-01-27,482.0,484.75,477.75,484.5,216234
2025-01-28,485.25,489.25,481.0,482.25,225855
2025-01-29,497.0,497.5,485.0,485.0,277207
2025-01-30,490.25,497.0,490.0,496.25,218110
2025-01-31,482.0,488.75,479.25,488.25,318483
2025-02-03,488.75,491.0,472.5,476.75,322166
2025-02-04,494.5,497.25,487.25,488.0,279780
2025-02-05,493.25,498.5,489.75,494.0,226004
2025-02-06,495.25,496.5,486.0,493.25,299134
2025-02-07,487.5,496.5,485.5,495.5,287303
2025-02-10,491.5,492.75,482.25,485.75,250904
2025-02-11,484.0,497.0,483.25,491.75,311257
2025-02-12,490.25,492.25,481.5,483.75,271391
2025-02-13,493.5,494.25,485.25,489.75,269316
2025-02-14,496.25,499.75,492.5,493.0,195600
2025-02-18,502.0,504.25,493.25,496.25,238775
2025-02-19,497.5,504.5,496.25,502.0,210080
2025-02-20,498.0,503.25,497.5,497.75,163804
2025-02-21,491.25,499.5,490.0,498.0,209485
2025-02-24,482.5,491.0,481.5,490.0,189315
2025-02-25,479.75,484.5,474.25,483.25,116438
2025-02-26,478.25,485.0,477.0,480.25,101750
2025-02-27,464.75,481.25,463.75,478.25,86413
2025-02-28,453.5,468.0,453.0,465.5,8178
2025-03-03,440.25,456.75,439.0,455.25,3364
2025-03-04,436.0,440.5,426.5,440.5,2273
2025-03-05,440.25,442.0,433.25,436.75,1169
2025-03-06,449.5,452.75,439.75,443.5,668
2025-03-07,455.25,456.75,448.0,450.25,311
2025-03-10,458.75,459.5,454.0,458.0,479
2025-03-11,456.5,464.0,456.5,458.0,76
2025-03-12,448.75,455.0,444.0,455.0,233
2025-03-13,453.5,459.25,450.0,450.0,101
2025-03-14,445.5,445.5,443.25,443.25,242039
2025-03-17,461.0,465.5,457.25,460.0,180875
2025-03-18,458.75,462.5,455.25,461.0,177170
2025-03-19,462.0,463.0,455.75,458.25,185225
2025-03-20,469.0,470.25,462.0,462.0,219751
2025-03-21,464.25,469.75,461.25,467.25,182427
2025-03-24,464.5,466.25,459.5,465.0,125182
2025-03-25,457.75,464.75,457.0,464.5,148189
2025-03-26,451.25,461.0,450.75,458.75,154487
2025-03-27,450.0,452.75,447.25,451.75,170192
2025-03-28,453.25,454.0,442.0,450.25,206960
2025-03-31,457.25,459.25,444.0,453.0,282804
2025-04-01,461.75,465.0,454.0,457.75,179571
2025-04-02,457.75,460.75,454.0,460.25,159591
2025-04-03,457.5,462.25,447.5,450.0,203152
2025-04-04,460.25,462.5,449.25,457.75,212888
2025-04-07,464.5,467.5,454.25,456.0,216782
2025-04-08,469.0,469.75,462.75,464.5,255177
2025-04-09,474.0,475.5,465.75,468.0,257173
2025-04-10,483.0,484.0,473.0,473.25,326270
2025-04-11,490.25,490.75,481.75,482.0,284335
2025-04-14,485.0,490.25,484.25,489.0,201393
2025-04-15,481.25,488.75,479.0,485.0,178411
2025-04-16,484.25,487.0,479.25,481.25,136221
2025-04-17,482.25,486.5,481.5,483.25,117566
2025-04-21,481.75,487.25,481.25,483.25,128840
2025-04-22,475.75,483.0,475.0,481.75,152079
2025-04-23,472.0,477.0,470.25,476.25,147853
2025-04-24,477.25,478.5,472.25,472.25,146915
2025-04-25,478.75,480.75,476.75,477.0,129454
2025-04-28,475.5,478.75,469.5,477.0,176588
2025-04-29,460.5,477.25,460.25,475.5,100359
2025-04-30,467.25,470.0,460.5,461.0,10991
2025-05-01,464.25,472.25,463.0,467.25,3008
2025-05-02,461.25,468.75,460.75,464.5,2624
2025-05-05,446.5,461.0,446.5,461.0,1098
2025-05-06,447.5,448.75,445.5,448.75,466
2025-05-07,441.0,453.25,440.5,449.75,617
2025-05-08,439.0,440.5,434.0,440.5,438
2025-05-09,441.5,444.0,439.5,440.75,240
2025-05-12,440.25,447.5,438.5,444.0,205
2025-05-13,436.0,436.0,430.75,433.5,66
2025-05-14,438.5,440.25,436.75,440.25,177064
2025-05-15,448.5,450.5,443.5,444.75,191182
2025-05-16,443.5,451.5,442.75,449.0,173410
2025-05-19,447.5,449.75,443.0,443.5,179623
2025-05-20,454.5,455.5,444.75,446.75,194894
2025-05-21,461.0,462.0,453.5,454.5,201425
2025-05-22,463.0,464.75,456.5,459.25,192800
2025-05-23,459.5,464.5,455.0,462.75,167356
2025-05-27,459.5,463.0,456.0,459.0,153148
2025-05-28,451.0,463.0,450.0,459.5,196402
2025-05-29,447.0,453.0,443.5,452.25,157586
2025-05-30,444.0,449.5,443.0,447.0,140113
2025-06-02,438.25,451.0,437.75,444.0,211154
2025-06-03,438.5,442.5,434.25,438.25,209493
2025-06-04,438.75,446.0,437.5,438.5,220751
2025-06-05,439.5,442.75,433.25,438.5,0
2025-06-06,442.5,445.0,435.0,438.25,229798
2025-06-09,433.5,445.75,432.75,442.25,228598
2025-06-10,438.75,439.5,429.25,433.5,245097
2025-06-11,437.0,444.75,436.0,439.0,201677
2025-06-12,438.5,441.75,435.25,436.5,190442
2025-06-13,444.5,445.25,435.0,438.25,179124
2025-06-16,434.75,446.5,431.25,444.0,177619
2025-06-17,431.5,437.5,429.5,434.75,231168
2025-06-18,433.5,434.5,430.0,431.5,0
2025-06-20,428.75,435.0,428.25,433.0,189743
2025-06-23,419.25,430.75,417.25,430.0,197265
2025-06-24,416.25,422.5,415.0,419.0,192057
2025-06-25,410.25,417.5,408.0,415.5,144137
2025-06-26,409.5,414.5,408.0,410.0,159014
2025-06-27,417.5,419.25,409.25,409.5,106238
2025-06-30,420.5,422.75,415.0,417.75,12555
2025-07-01,420.0,423.0,414.5,421.25,4103
2025-07-02,429.25,430.25,415.5,419.75,3639
2025-07-03,431.5,435.25,429.25,429.5,0
2025-07-07,418.0,426.0,417.0,426.0,709
2025-07-08,411.0,420.5,411.0,420.5,573
2025-07-09,412.5,415.5,409.75,415.5,349
2025-07-10,407.25,414.0,407.25,412.5,571
2025-07-11,403.0,409.75,400.0,407.25,315
2025-07-14,412.75,412.75,398.75,411.75,185262
2025-07-15,401.25,406.25,395.0,399.5,182568
2025-07-16,405.25,407.25,400.0,400.0,182568
2025-07-17,420.75,425.75,419.5,423.5,117713
